<?xml version="1.0" encoding="windows-1251"?>
<albums>
	<album>
		<name>TheBest</name>
		<artist>Michael Jackson</artist>
		<year>1995</year>
		<producer>producers from the block...</producer>
		<price>19.95</price>
		<songs>
			<song>
				<title>Thriller</title>
				<duration>4.07</duration>
			</song>
			<song>
				<title>SecondSong</title>
				<duration>3.18</duration>
			</song>
			<song>
				<title>Thriller 23</title>
				<duration>3.56</duration>
			</song>
			<song>
				<title>Thriller 34</title>
				<duration>4.07</duration>
			</song>
		</songs>
	</album>
	<album>
		<name>TheBest</name>
		<artist>Slavi Trifonov</artist>
		<year>2013</year>
		<producer>TriVodiSofiq</producer>
		<price>29.95</price>
		<songs>
			<song>
				<title>Slavi</title>
				<duration>4.07</duration>
			</song>
			<song>
				<title>Godji</title>
				<duration>3.18</duration>
			</song>
			<song>
				<title>Toq</title>
				<duration>3.56</duration>
			</song>
			<song>
				<title>Onq</title>
				<duration>4.07</duration>
			</song>
			<song>
				<title>IDvamataOtPernik</title>
				<duration>4.07</duration>
			</song>
		</songs>
	</album>
</albums>