USE [master]
GO
/****** Object:  Database [WORLD]    Script Date: 7/9/2013 5:33:53 PM ******/
CREATE DATABASE [WORLD]



GO
ALTER DATABASE [WORLD] SET COMPATIBILITY_LEVEL = 110
GO
IF (1 = FULLTEXTSERVICEPROPERTY('IsFullTextInstalled'))
begin
EXEC [WORLD].[dbo].[sp_fulltext_database] @action = 'enable'
end
GO
ALTER DATABASE [WORLD] SET ANSI_NULL_DEFAULT OFF 
GO
ALTER DATABASE [WORLD] SET ANSI_NULLS OFF 
GO
ALTER DATABASE [WORLD] SET ANSI_PADDING OFF 
GO
ALTER DATABASE [WORLD] SET ANSI_WARNINGS OFF 
GO
ALTER DATABASE [WORLD] SET ARITHABORT OFF 
GO
ALTER DATABASE [WORLD] SET AUTO_CLOSE OFF 
GO
ALTER DATABASE [WORLD] SET AUTO_CREATE_STATISTICS ON 
GO
ALTER DATABASE [WORLD] SET AUTO_SHRINK OFF 
GO
ALTER DATABASE [WORLD] SET AUTO_UPDATE_STATISTICS ON 
GO
ALTER DATABASE [WORLD] SET CURSOR_CLOSE_ON_COMMIT OFF 
GO
ALTER DATABASE [WORLD] SET CURSOR_DEFAULT  GLOBAL 
GO
ALTER DATABASE [WORLD] SET CONCAT_NULL_YIELDS_NULL OFF 
GO
ALTER DATABASE [WORLD] SET NUMERIC_ROUNDABORT OFF 
GO
ALTER DATABASE [WORLD] SET QUOTED_IDENTIFIER OFF 
GO
ALTER DATABASE [WORLD] SET RECURSIVE_TRIGGERS OFF 
GO
ALTER DATABASE [WORLD] SET  DISABLE_BROKER 
GO
ALTER DATABASE [WORLD] SET AUTO_UPDATE_STATISTICS_ASYNC OFF 
GO
ALTER DATABASE [WORLD] SET DATE_CORRELATION_OPTIMIZATION OFF 
GO
ALTER DATABASE [WORLD] SET TRUSTWORTHY OFF 
GO
ALTER DATABASE [WORLD] SET ALLOW_SNAPSHOT_ISOLATION OFF 
GO
ALTER DATABASE [WORLD] SET PARAMETERIZATION SIMPLE 
GO
ALTER DATABASE [WORLD] SET READ_COMMITTED_SNAPSHOT OFF 
GO
ALTER DATABASE [WORLD] SET HONOR_BROKER_PRIORITY OFF 
GO
ALTER DATABASE [WORLD] SET RECOVERY SIMPLE 
GO
ALTER DATABASE [WORLD] SET  MULTI_USER 
GO
ALTER DATABASE [WORLD] SET PAGE_VERIFY CHECKSUM  
GO
ALTER DATABASE [WORLD] SET DB_CHAINING OFF 
GO
ALTER DATABASE [WORLD] SET FILESTREAM( NON_TRANSACTED_ACCESS = OFF ) 
GO
ALTER DATABASE [WORLD] SET TARGET_RECOVERY_TIME = 0 SECONDS 
GO
USE [WORLD]
GO
/****** Object:  Table [dbo].[Adresses]    Script Date: 7/9/2013 5:33:53 PM ******/
SET ANSI_NULLS ON
GO
SET QUOTED_IDENTIFIER ON
GO
CREATE TABLE [dbo].[Adresses](
	[Id] [int] IDENTITY(1,1) NOT NULL,
	[Address_Text] [nvarchar](100) NOT NULL,
	[TownId] [int] NOT NULL,
 CONSTRAINT [PK_Adresses] PRIMARY KEY CLUSTERED 
(
	[Id] ASC
)WITH (PAD_INDEX = OFF, STATISTICS_NORECOMPUTE = OFF, IGNORE_DUP_KEY = OFF, ALLOW_ROW_LOCKS = ON, ALLOW_PAGE_LOCKS = ON) ON [PRIMARY]
) ON [PRIMARY]

GO
/****** Object:  Table [dbo].[Continents]    Script Date: 7/9/2013 5:33:53 PM ******/
SET ANSI_NULLS ON
GO
SET QUOTED_IDENTIFIER ON
GO
CREATE TABLE [dbo].[Continents](
	[Id] [int] IDENTITY(1,1) NOT NULL,
	[Name] [nvarchar](50) NOT NULL,
 CONSTRAINT [PK_Continents] PRIMARY KEY CLUSTERED 
(
	[Id] ASC
)WITH (PAD_INDEX = OFF, STATISTICS_NORECOMPUTE = OFF, IGNORE_DUP_KEY = OFF, ALLOW_ROW_LOCKS = ON, ALLOW_PAGE_LOCKS = ON) ON [PRIMARY]
) ON [PRIMARY]

GO
/****** Object:  Table [dbo].[Countries]    Script Date: 7/9/2013 5:33:53 PM ******/
SET ANSI_NULLS ON
GO
SET QUOTED_IDENTIFIER ON
GO
CREATE TABLE [dbo].[Countries](
	[Id] [int] IDENTITY(1,1) NOT NULL,
	[Name] [nvarchar](50) NOT NULL,
	[ContinentId] [int] NOT NULL,
 CONSTRAINT [PK_Countries] PRIMARY KEY CLUSTERED 
(
	[Id] ASC
)WITH (PAD_INDEX = OFF, STATISTICS_NORECOMPUTE = OFF, IGNORE_DUP_KEY = OFF, ALLOW_ROW_LOCKS = ON, ALLOW_PAGE_LOCKS = ON) ON [PRIMARY]
) ON [PRIMARY]

GO
/****** Object:  Table [dbo].[Persons]    Script Date: 7/9/2013 5:33:53 PM ******/
SET ANSI_NULLS ON
GO
SET QUOTED_IDENTIFIER ON
GO
CREATE TABLE [dbo].[Persons](
	[Id] [int] IDENTITY(1,1) NOT NULL,
	[Name] [nvarchar](150) NOT NULL,
	[AddressId] [int] NOT NULL,
 CONSTRAINT [PK_Persons] PRIMARY KEY CLUSTERED 
(
	[Id] ASC
)WITH (PAD_INDEX = OFF, STATISTICS_NORECOMPUTE = OFF, IGNORE_DUP_KEY = OFF, ALLOW_ROW_LOCKS = ON, ALLOW_PAGE_LOCKS = ON) ON [PRIMARY]
) ON [PRIMARY]

GO
/****** Object:  Table [dbo].[Towns]    Script Date: 7/9/2013 5:33:53 PM ******/
SET ANSI_NULLS ON
GO
SET QUOTED_IDENTIFIER ON
GO
CREATE TABLE [dbo].[Towns](
	[Id] [int] IDENTITY(1,1) NOT NULL,
	[Name] [nvarchar](50) NOT NULL,
	[CountryId] [int] NOT NULL,
 CONSTRAINT [PK_Towns] PRIMARY KEY CLUSTERED 
(
	[Id] ASC
)WITH (PAD_INDEX = OFF, STATISTICS_NORECOMPUTE = OFF, IGNORE_DUP_KEY = OFF, ALLOW_ROW_LOCKS = ON, ALLOW_PAGE_LOCKS = ON) ON [PRIMARY]
) ON [PRIMARY]

GO
SET IDENTITY_INSERT [dbo].[Adresses] ON 

GO
INSERT [dbo].[Adresses] ([Id], [Address_Text], [TownId]) VALUES (1, N'Malinov Blvd 55', 1)
GO
INSERT [dbo].[Adresses] ([Id], [Address_Text], [TownId]) VALUES (2, N'jk Alen Mak bl 82a', 2)
GO
INSERT [dbo].[Adresses] ([Id], [Address_Text], [TownId]) VALUES (3, N'Curvenschtrasse 43', 3)
GO
INSERT [dbo].[Adresses] ([Id], [Address_Text], [TownId]) VALUES (4, N'Shanselise 23', 4)
GO
SET IDENTITY_INSERT [dbo].[Adresses] OFF
GO
SET IDENTITY_INSERT [dbo].[Continents] ON 

GO
INSERT [dbo].[Continents] ([Id], [Name]) VALUES (1, N'Europe')
GO
INSERT [dbo].[Continents] ([Id], [Name]) VALUES (2, N'Asia')
GO
INSERT [dbo].[Continents] ([Id], [Name]) VALUES (3, N'Africa')
GO
INSERT [dbo].[Continents] ([Id], [Name]) VALUES (4, N'North America')
GO
INSERT [dbo].[Continents] ([Id], [Name]) VALUES (5, N'South America')
GO
INSERT [dbo].[Continents] ([Id], [Name]) VALUES (6, N'Australia')
GO
INSERT [dbo].[Continents] ([Id], [Name]) VALUES (7, N'Antarctida')
GO
SET IDENTITY_INSERT [dbo].[Continents] OFF
GO
SET IDENTITY_INSERT [dbo].[Countries] ON 

GO
INSERT [dbo].[Countries] ([Id], [Name], [ContinentId]) VALUES (1, N'Bulgaria', 1)
GO
INSERT [dbo].[Countries] ([Id], [Name], [ContinentId]) VALUES (2, N'Germany', 1)
GO
INSERT [dbo].[Countries] ([Id], [Name], [ContinentId]) VALUES (3, N'USA', 4)
GO
INSERT [dbo].[Countries] ([Id], [Name], [ContinentId]) VALUES (4, N'Canada', 4)
GO
INSERT [dbo].[Countries] ([Id], [Name], [ContinentId]) VALUES (5, N'Zimbabwe', 3)
GO
INSERT [dbo].[Countries] ([Id], [Name], [ContinentId]) VALUES (6, N'France', 1)
GO
INSERT [dbo].[Countries] ([Id], [Name], [ContinentId]) VALUES (7, N'Japan', 2)
GO
SET IDENTITY_INSERT [dbo].[Countries] OFF
GO
SET IDENTITY_INSERT [dbo].[Persons] ON 

GO
INSERT [dbo].[Persons] ([Id], [Name], [AddressId]) VALUES (1, N'Nakov', 1)
GO
INSERT [dbo].[Persons] ([Id], [Name], [AddressId]) VALUES (2, N'Myselv', 1)
GO
INSERT [dbo].[Persons] ([Id], [Name], [AddressId]) VALUES (3, N'Nikoi', 4)
GO
INSERT [dbo].[Persons] ([Id], [Name], [AddressId]) VALUES (4, N'szhivko', 3)
GO
SET IDENTITY_INSERT [dbo].[Persons] OFF
GO
SET IDENTITY_INSERT [dbo].[Towns] ON 

GO
INSERT [dbo].[Towns] ([Id], [Name], [CountryId]) VALUES (1, N'Sofia', 1)
GO
INSERT [dbo].[Towns] ([Id], [Name], [CountryId]) VALUES (2, N'Blagoevgrad', 1)
GO
INSERT [dbo].[Towns] ([Id], [Name], [CountryId]) VALUES (3, N'Berlin', 2)
GO
INSERT [dbo].[Towns] ([Id], [Name], [CountryId]) VALUES (4, N'Paris', 6)
GO
INSERT [dbo].[Towns] ([Id], [Name], [CountryId]) VALUES (5, N'Tokio', 7)
GO
SET IDENTITY_INSERT [dbo].[Towns] OFF
GO
ALTER TABLE [dbo].[Adresses]  WITH CHECK ADD  CONSTRAINT [FK_Adresses_Towns] FOREIGN KEY([TownId])
REFERENCES [dbo].[Towns] ([Id])
GO
ALTER TABLE [dbo].[Adresses] CHECK CONSTRAINT [FK_Adresses_Towns]
GO
ALTER TABLE [dbo].[Countries]  WITH CHECK ADD  CONSTRAINT [FK_Countries_Continents] FOREIGN KEY([ContinentId])
REFERENCES [dbo].[Continents] ([Id])
GO
ALTER TABLE [dbo].[Countries] CHECK CONSTRAINT [FK_Countries_Continents]
GO
ALTER TABLE [dbo].[Persons]  WITH CHECK ADD  CONSTRAINT [FK_Persons_Adresses] FOREIGN KEY([AddressId])
REFERENCES [dbo].[Adresses] ([Id])
GO
ALTER TABLE [dbo].[Persons] CHECK CONSTRAINT [FK_Persons_Adresses]
GO
ALTER TABLE [dbo].[Towns]  WITH CHECK ADD  CONSTRAINT [FK_Towns_Countries] FOREIGN KEY([CountryId])
REFERENCES [dbo].[Countries] ([Id])
GO
ALTER TABLE [dbo].[Towns] CHECK CONSTRAINT [FK_Towns_Countries]
GO
USE [master]
GO
ALTER DATABASE [WORLD] SET  READ_WRITE 
GO
