USE [master]
GO
/****** Object:  Database [Univeristies]    Script Date: 7/9/2013 6:23:30 PM ******/
CREATE DATABASE [Univeristies]
 
ALTER DATABASE [Univeristies] SET COMPATIBILITY_LEVEL = 110
GO
IF (1 = FULLTEXTSERVICEPROPERTY('IsFullTextInstalled'))
begin
EXEC [Univeristies].[dbo].[sp_fulltext_database] @action = 'enable'
end
GO
ALTER DATABASE [Univeristies] SET ANSI_NULL_DEFAULT OFF 
GO
ALTER DATABASE [Univeristies] SET ANSI_NULLS OFF 
GO
ALTER DATABASE [Univeristies] SET ANSI_PADDING OFF 
GO
ALTER DATABASE [Univeristies] SET ANSI_WARNINGS OFF 
GO
ALTER DATABASE [Univeristies] SET ARITHABORT OFF 
GO
ALTER DATABASE [Univeristies] SET AUTO_CLOSE OFF 
GO
ALTER DATABASE [Univeristies] SET AUTO_CREATE_STATISTICS ON 
GO
ALTER DATABASE [Univeristies] SET AUTO_SHRINK OFF 
GO
ALTER DATABASE [Univeristies] SET AUTO_UPDATE_STATISTICS ON 
GO
ALTER DATABASE [Univeristies] SET CURSOR_CLOSE_ON_COMMIT OFF 
GO
ALTER DATABASE [Univeristies] SET CURSOR_DEFAULT  GLOBAL 
GO
ALTER DATABASE [Univeristies] SET CONCAT_NULL_YIELDS_NULL OFF 
GO
ALTER DATABASE [Univeristies] SET NUMERIC_ROUNDABORT OFF 
GO
ALTER DATABASE [Univeristies] SET QUOTED_IDENTIFIER OFF 
GO
ALTER DATABASE [Univeristies] SET RECURSIVE_TRIGGERS OFF 
GO
ALTER DATABASE [Univeristies] SET  DISABLE_BROKER 
GO
ALTER DATABASE [Univeristies] SET AUTO_UPDATE_STATISTICS_ASYNC OFF 
GO
ALTER DATABASE [Univeristies] SET DATE_CORRELATION_OPTIMIZATION OFF 
GO
ALTER DATABASE [Univeristies] SET TRUSTWORTHY OFF 
GO
ALTER DATABASE [Univeristies] SET ALLOW_SNAPSHOT_ISOLATION OFF 
GO
ALTER DATABASE [Univeristies] SET PARAMETERIZATION SIMPLE 
GO
ALTER DATABASE [Univeristies] SET READ_COMMITTED_SNAPSHOT OFF 
GO
ALTER DATABASE [Univeristies] SET HONOR_BROKER_PRIORITY OFF 
GO
ALTER DATABASE [Univeristies] SET RECOVERY SIMPLE 
GO
ALTER DATABASE [Univeristies] SET  MULTI_USER 
GO
ALTER DATABASE [Univeristies] SET PAGE_VERIFY CHECKSUM  
GO
ALTER DATABASE [Univeristies] SET DB_CHAINING OFF 
GO
ALTER DATABASE [Univeristies] SET FILESTREAM( NON_TRANSACTED_ACCESS = OFF ) 
GO
ALTER DATABASE [Univeristies] SET TARGET_RECOVERY_TIME = 0 SECONDS 
GO
USE [Univeristies]
GO
/****** Object:  Table [dbo].[Courses]    Script Date: 7/9/2013 6:23:30 PM ******/
SET ANSI_NULLS ON
GO
SET QUOTED_IDENTIFIER ON
GO
CREATE TABLE [dbo].[Courses](
	[Id] [int] NOT NULL,
	[Name] [nvarchar](50) NOT NULL,
	[ProfesorId] [int] NOT NULL,
	[DepartmentId] [int] NOT NULL,
 CONSTRAINT [PK_Courses] PRIMARY KEY CLUSTERED 
(
	[Id] ASC
)WITH (PAD_INDEX = OFF, STATISTICS_NORECOMPUTE = OFF, IGNORE_DUP_KEY = OFF, ALLOW_ROW_LOCKS = ON, ALLOW_PAGE_LOCKS = ON) ON [PRIMARY]
) ON [PRIMARY]

GO
/****** Object:  Table [dbo].[Departments]    Script Date: 7/9/2013 6:23:30 PM ******/
SET ANSI_NULLS ON
GO
SET QUOTED_IDENTIFIER ON
GO
CREATE TABLE [dbo].[Departments](
	[Id] [int] IDENTITY(1,1) NOT NULL,
	[Name] [nvarchar](50) NOT NULL,
	[FacultyId] [int] NOT NULL,
 CONSTRAINT [PK_Departments] PRIMARY KEY CLUSTERED 
(
	[Id] ASC
)WITH (PAD_INDEX = OFF, STATISTICS_NORECOMPUTE = OFF, IGNORE_DUP_KEY = OFF, ALLOW_ROW_LOCKS = ON, ALLOW_PAGE_LOCKS = ON) ON [PRIMARY]
) ON [PRIMARY]

GO
/****** Object:  Table [dbo].[DepartmentsAndCourses]    Script Date: 7/9/2013 6:23:30 PM ******/
SET ANSI_NULLS ON
GO
SET QUOTED_IDENTIFIER ON
GO
CREATE TABLE [dbo].[DepartmentsAndCourses](
	[DepartmentId] [int] NOT NULL,
	[CourseId] [int] NULL
) ON [PRIMARY]

GO
/****** Object:  Table [dbo].[Faculties]    Script Date: 7/9/2013 6:23:30 PM ******/
SET ANSI_NULLS ON
GO
SET QUOTED_IDENTIFIER ON
GO
CREATE TABLE [dbo].[Faculties](
	[Id] [int] IDENTITY(1,1) NOT NULL,
	[Name] [nvarchar](50) NOT NULL,
	[UnversityId] [int] NOT NULL,
 CONSTRAINT [PK_Faculties] PRIMARY KEY CLUSTERED 
(
	[Id] ASC
)WITH (PAD_INDEX = OFF, STATISTICS_NORECOMPUTE = OFF, IGNORE_DUP_KEY = OFF, ALLOW_ROW_LOCKS = ON, ALLOW_PAGE_LOCKS = ON) ON [PRIMARY]
) ON [PRIMARY]

GO
/****** Object:  Table [dbo].[PriofessorsAndCourses]    Script Date: 7/9/2013 6:23:30 PM ******/
SET ANSI_NULLS ON
GO
SET QUOTED_IDENTIFIER ON
GO
CREATE TABLE [dbo].[PriofessorsAndCourses](
	[ProfessorId] [int] NOT NULL,
	[CourseId] [int] NOT NULL
) ON [PRIMARY]

GO
/****** Object:  Table [dbo].[Professors]    Script Date: 7/9/2013 6:23:30 PM ******/
SET ANSI_NULLS ON
GO
SET QUOTED_IDENTIFIER ON
GO
CREATE TABLE [dbo].[Professors](
	[Id] [int] IDENTITY(1,1) NOT NULL,
	[Name] [nvarchar](80) NOT NULL,
	[DepartmentId] [int] NOT NULL,
 CONSTRAINT [PK_Professors_1] PRIMARY KEY CLUSTERED 
(
	[Id] ASC
)WITH (PAD_INDEX = OFF, STATISTICS_NORECOMPUTE = OFF, IGNORE_DUP_KEY = OFF, ALLOW_ROW_LOCKS = ON, ALLOW_PAGE_LOCKS = ON) ON [PRIMARY]
) ON [PRIMARY]

GO
/****** Object:  Table [dbo].[ProfessorsAndTitles]    Script Date: 7/9/2013 6:23:30 PM ******/
SET ANSI_NULLS ON
GO
SET QUOTED_IDENTIFIER ON
GO
CREATE TABLE [dbo].[ProfessorsAndTitles](
	[ProfessorId] [int] NOT NULL,
	[TitleId] [int] NOT NULL
) ON [PRIMARY]

GO
/****** Object:  Table [dbo].[Students]    Script Date: 7/9/2013 6:23:30 PM ******/
SET ANSI_NULLS ON
GO
SET QUOTED_IDENTIFIER ON
GO
CREATE TABLE [dbo].[Students](
	[Id] [int] IDENTITY(1,1) NOT NULL,
	[Name] [nvarchar](80) NOT NULL,
	[FacultyId] [int] NOT NULL,
 CONSTRAINT [PK_Students] PRIMARY KEY CLUSTERED 
(
	[Id] ASC
)WITH (PAD_INDEX = OFF, STATISTICS_NORECOMPUTE = OFF, IGNORE_DUP_KEY = OFF, ALLOW_ROW_LOCKS = ON, ALLOW_PAGE_LOCKS = ON) ON [PRIMARY]
) ON [PRIMARY]

GO
/****** Object:  Table [dbo].[StudentsAndCourses]    Script Date: 7/9/2013 6:23:30 PM ******/
SET ANSI_NULLS ON
GO
SET QUOTED_IDENTIFIER ON
GO
CREATE TABLE [dbo].[StudentsAndCourses](
	[StudentId] [int] NOT NULL,
	[CourseId] [int] NOT NULL
) ON [PRIMARY]

GO
/****** Object:  Table [dbo].[Titles]    Script Date: 7/9/2013 6:23:30 PM ******/
SET ANSI_NULLS ON
GO
SET QUOTED_IDENTIFIER ON
GO
CREATE TABLE [dbo].[Titles](
	[Id] [int] IDENTITY(1,1) NOT NULL,
	[Name] [nvarchar](50) NOT NULL,
 CONSTRAINT [PK_Titles] PRIMARY KEY CLUSTERED 
(
	[Id] ASC
)WITH (PAD_INDEX = OFF, STATISTICS_NORECOMPUTE = OFF, IGNORE_DUP_KEY = OFF, ALLOW_ROW_LOCKS = ON, ALLOW_PAGE_LOCKS = ON) ON [PRIMARY]
) ON [PRIMARY]

GO
/****** Object:  Table [dbo].[Unversities]    Script Date: 7/9/2013 6:23:30 PM ******/
SET ANSI_NULLS ON
GO
SET QUOTED_IDENTIFIER ON
GO
CREATE TABLE [dbo].[Unversities](
	[Id] [int] IDENTITY(1,1) NOT NULL,
	[Name] [nvarchar](50) NOT NULL,
 CONSTRAINT [PK_Unversities] PRIMARY KEY CLUSTERED 
(
	[Id] ASC
)WITH (PAD_INDEX = OFF, STATISTICS_NORECOMPUTE = OFF, IGNORE_DUP_KEY = OFF, ALLOW_ROW_LOCKS = ON, ALLOW_PAGE_LOCKS = ON) ON [PRIMARY]
) ON [PRIMARY]

GO
SET IDENTITY_INSERT [dbo].[Departments] ON 

GO
INSERT [dbo].[Departments] ([Id], [Name], [FacultyId]) VALUES (2, N'First', 1)
GO
INSERT [dbo].[Departments] ([Id], [Name], [FacultyId]) VALUES (3, N'Second', 1)
GO
INSERT [dbo].[Departments] ([Id], [Name], [FacultyId]) VALUES (4, N'Third', 2)
GO
INSERT [dbo].[Departments] ([Id], [Name], [FacultyId]) VALUES (5, N'Fourth', 5)
GO
INSERT [dbo].[Departments] ([Id], [Name], [FacultyId]) VALUES (6, N'Sixth', 3)
GO
SET IDENTITY_INSERT [dbo].[Departments] OFF
GO
SET IDENTITY_INSERT [dbo].[Faculties] ON 

GO
INSERT [dbo].[Faculties] ([Id], [Name], [UnversityId]) VALUES (1, N'FKTT', 2)
GO
INSERT [dbo].[Faculties] ([Id], [Name], [UnversityId]) VALUES (2, N'KST', 2)
GO
INSERT [dbo].[Faculties] ([Id], [Name], [UnversityId]) VALUES (3, N'Math', 1)
GO
INSERT [dbo].[Faculties] ([Id], [Name], [UnversityId]) VALUES (4, N'Chemistry', 1)
GO
INSERT [dbo].[Faculties] ([Id], [Name], [UnversityId]) VALUES (5, N'Engineering in German', 2)
GO
SET IDENTITY_INSERT [dbo].[Faculties] OFF
GO
SET IDENTITY_INSERT [dbo].[Professors] ON 

GO
INSERT [dbo].[Professors] ([Id], [Name], [DepartmentId]) VALUES (1, N'Petrov', 2)
GO
INSERT [dbo].[Professors] ([Id], [Name], [DepartmentId]) VALUES (2, N'Ivanov', 2)
GO
INSERT [dbo].[Professors] ([Id], [Name], [DepartmentId]) VALUES (4, N'Kenov', 6)
GO
SET IDENTITY_INSERT [dbo].[Professors] OFF
GO
INSERT [dbo].[ProfessorsAndTitles] ([ProfessorId], [TitleId]) VALUES (1, 1)
GO
INSERT [dbo].[ProfessorsAndTitles] ([ProfessorId], [TitleId]) VALUES (1, 2)
GO
INSERT [dbo].[ProfessorsAndTitles] ([ProfessorId], [TitleId]) VALUES (2, 3)
GO
INSERT [dbo].[ProfessorsAndTitles] ([ProfessorId], [TitleId]) VALUES (2, 1)
GO
INSERT [dbo].[ProfessorsAndTitles] ([ProfessorId], [TitleId]) VALUES (4, 3)
GO
SET IDENTITY_INSERT [dbo].[Titles] ON 

GO
INSERT [dbo].[Titles] ([Id], [Name]) VALUES (1, N'Ph.D.')
GO
INSERT [dbo].[Titles] ([Id], [Name]) VALUES (2, N'academician')
GO
INSERT [dbo].[Titles] ([Id], [Name]) VALUES (3, N'senior assistant')
GO
SET IDENTITY_INSERT [dbo].[Titles] OFF
GO
SET IDENTITY_INSERT [dbo].[Unversities] ON 

GO
INSERT [dbo].[Unversities] ([Id], [Name]) VALUES (1, N'SU')
GO
INSERT [dbo].[Unversities] ([Id], [Name]) VALUES (2, N'MEI')
GO
SET IDENTITY_INSERT [dbo].[Unversities] OFF
GO
ALTER TABLE [dbo].[Courses]  WITH CHECK ADD  CONSTRAINT [FK_Courses_Departments] FOREIGN KEY([DepartmentId])
REFERENCES [dbo].[Departments] ([Id])
GO
ALTER TABLE [dbo].[Courses] CHECK CONSTRAINT [FK_Courses_Departments]
GO
ALTER TABLE [dbo].[Departments]  WITH CHECK ADD  CONSTRAINT [FK_Departments_Faculties] FOREIGN KEY([FacultyId])
REFERENCES [dbo].[Faculties] ([Id])
GO
ALTER TABLE [dbo].[Departments] CHECK CONSTRAINT [FK_Departments_Faculties]
GO
ALTER TABLE [dbo].[Faculties]  WITH CHECK ADD  CONSTRAINT [FK_Faculties_Unversities] FOREIGN KEY([UnversityId])
REFERENCES [dbo].[Unversities] ([Id])
GO
ALTER TABLE [dbo].[Faculties] CHECK CONSTRAINT [FK_Faculties_Unversities]
GO
ALTER TABLE [dbo].[PriofessorsAndCourses]  WITH CHECK ADD  CONSTRAINT [FK_PriofessorsAndCourses_Courses] FOREIGN KEY([CourseId])
REFERENCES [dbo].[Courses] ([Id])
GO
ALTER TABLE [dbo].[PriofessorsAndCourses] CHECK CONSTRAINT [FK_PriofessorsAndCourses_Courses]
GO
ALTER TABLE [dbo].[PriofessorsAndCourses]  WITH CHECK ADD  CONSTRAINT [FK_PriofessorsAndCourses_Professors] FOREIGN KEY([ProfessorId])
REFERENCES [dbo].[Professors] ([Id])
GO
ALTER TABLE [dbo].[PriofessorsAndCourses] CHECK CONSTRAINT [FK_PriofessorsAndCourses_Professors]
GO
ALTER TABLE [dbo].[Professors]  WITH CHECK ADD  CONSTRAINT [FK_Professors_Departments1] FOREIGN KEY([DepartmentId])
REFERENCES [dbo].[Departments] ([Id])
GO
ALTER TABLE [dbo].[Professors] CHECK CONSTRAINT [FK_Professors_Departments1]
GO
ALTER TABLE [dbo].[ProfessorsAndTitles]  WITH CHECK ADD  CONSTRAINT [FK_ProfessorsAndTitles_Professors1] FOREIGN KEY([ProfessorId])
REFERENCES [dbo].[Professors] ([Id])
GO
ALTER TABLE [dbo].[ProfessorsAndTitles] CHECK CONSTRAINT [FK_ProfessorsAndTitles_Professors1]
GO
ALTER TABLE [dbo].[ProfessorsAndTitles]  WITH CHECK ADD  CONSTRAINT [FK_ProfessorsAndTitles_Titles1] FOREIGN KEY([TitleId])
REFERENCES [dbo].[Titles] ([Id])
GO
ALTER TABLE [dbo].[ProfessorsAndTitles] CHECK CONSTRAINT [FK_ProfessorsAndTitles_Titles1]
GO
ALTER TABLE [dbo].[Students]  WITH CHECK ADD  CONSTRAINT [FK_Students_Faculties] FOREIGN KEY([FacultyId])
REFERENCES [dbo].[Faculties] ([Id])
GO
ALTER TABLE [dbo].[Students] CHECK CONSTRAINT [FK_Students_Faculties]
GO
ALTER TABLE [dbo].[StudentsAndCourses]  WITH CHECK ADD  CONSTRAINT [FK_StudentsAndCourses_Courses] FOREIGN KEY([CourseId])
REFERENCES [dbo].[Courses] ([Id])
GO
ALTER TABLE [dbo].[StudentsAndCourses] CHECK CONSTRAINT [FK_StudentsAndCourses_Courses]
GO
ALTER TABLE [dbo].[StudentsAndCourses]  WITH CHECK ADD  CONSTRAINT [FK_StudentsAndCourses_Students] FOREIGN KEY([StudentId])
REFERENCES [dbo].[Students] ([Id])
GO
ALTER TABLE [dbo].[StudentsAndCourses] CHECK CONSTRAINT [FK_StudentsAndCourses_Students]
GO
USE [master]
GO
ALTER DATABASE [Univeristies] SET  READ_WRITE 
GO
